;MagID,MagGroupID,MagName,SkillType,UseOrder,UseType,TargetType,HitTrigger,WaitTrigger,SpellDis,BestSpellDis,FindType,DmgDir,DmgDirAdd,DmgDis,DmgNum,DmgByDis,DmgBase,DmgAdd,DmgAddByCount,MultiDmg,BuffData,CostItem,ExtraParam,ExtraStr,ExtraAttr,Action,Effect1,Sound1,Effect2,Sound2,Effect3,Sound3,Effect4,Sound4,Spell,Job,NeedL,Delay,CDTime,AutoBanYue,MagicLock,AutoOpen,Icon,IconPos,Desc
;技能ID,技能组ID(技能id=技能组id x 100+等级),技能名字,"技能类型(0伤害技能1开关技能2治疗技能3加Buff4推人5召唤技能6放置技能7擒龙手8十步一杀9圣言术10诱惑之光11困魔咒12心灵启示13分身术14瞬息移动15心灵召唤,合击+100)","施法优先级, 数字越小优先级越大",施法类型(0自身1打单位2打坐标3打方向4鼠标指向单位5鼠标指向单位默认自身6目标单位方向默认自身),目标类型(0自身1己方单位包含自身2己方单位不包含自身3敌方单位4任意单位除自己5任意单位),普攻触发本技能,蓄力开关(打开后下次普攻会触发),施法距离,最佳施法距离,找怪方式(0自身1目标单位2目标点3圆形范围4锁定目标单位和范围5直线),"影响方向(#分隔1~8总共8方向,最多填8个,根据顺序优先)0表示不填1表示当前方向,顺时针","方向加成百分比(#分隔1~8总共8方向,最多填8个)",影响范围大小(半径#宽度),影响单位数量,伤害距离增减(1递增  2递减 技能释放中心点外)(递增#递增基数5%的伤害   递减相同写法 递减#递减基数X%的伤害 ),伤害基数(附带人物的攻击比率100就是100%附加人物攻击),伤害加成(百分比#固定值),根据伤害范围内怪物数量伤害加成(百分比#固定值),分段伤害(分段次数#毫秒间隔#伤害提升百分比),加Buff(Buff类型ID#触发几率#持续时间#系数#固定值#额外系数|...),物品位置#是否消耗#物品ID#数量&物品位置#是否消耗#物品ID#数量|...,"额外数字参数(不同技能类型不一样,#分隔最多6个数字)",额外字符串参数,属性id:点数|属性id:点数,释放动作(0无动作 1释法动作  2普攻动作  3跳砍动作 4走路 5跑步),起手特效(释放时 释放者身上的特效)(图集名#起始图片#播放数量#播放速度.毫秒#是否跟随),技能声音(起手声音),飞行特效,,爆炸点特效,,击中敌人的特效,,每次耗用魔法值,0-战士，1-法师，2-道士,所需等级和经验(所需等级#所需经验),技能伤害延时(毫秒),CD时间,智能半月,技能锁定,自动打开,技能图标,"技能摆放(x#y#x对齐类型#y对齐类型,对齐方式查看buttonConfig)",备注
10000,100,灵魂火符,0,80,3,3,0,0,8,8,4,0,,2,1,1#0,110,0#10,0#0,0#0#0,,,,,,1,,,Magic.wil#1160#10#100#0#0#16#10,M49-1.ogg,Magic.wil#1360#10#100#1,M13-3.ogg,,,10,2,10#10,500,1000,0,0,0,newskii/magic13.png,138#247#1#0,单体攻击技能
10001,100,灵魂火符,0,80,3,3,0,0,8,8,4,0,,2,1,1#0,115,0#10,0#0,0#0#0,,,,,,1,,,Magic.wil#1160#10#100#0#0#16#10,M49-1.ogg,Magic.wil#1360#10#100#1,M13-3.ogg,,,10,2,20#20,500,1000,0,0,0,newskii/magic13.png,138#247#1#0,单体攻击技能
10002,100,灵魂火符,0,80,3,3,0,0,8,8,4,0,,2,1,1#0,120,0#10,0#0,0#0#0,,,,,,1,,,Magic.wil#1160#10#100#0#0#16#10,M49-1.ogg,Magic.wil#1360#10#100#1,M13-3.ogg,,,10,2,30#30,500,1000,0,0,0,newskii/magic13.png,138#247#1#0,单体攻击技能
10003,100,灵魂火符,0,80,3,3,0,0,8,8,4,0,,2,1,1#0,125,0#10,0#0,0#0#0,,,,,,1,,,Magic.wil#1160#10#100#0#0#16#10,M49-1.ogg,Magic.wil#1360#10#100#1,M13-3.ogg,,,10,2,40#0,500,1000,0,0,0,newskii/magic13.png,138#247#1#0,单体攻击技能
10100,101,施毒术,3,79,1,3,0,0,8,8,1,0,,2,1,1#0,100,0#0,0#0,0#0#0,101#100#60#50#0#0|201#100#60#0#0#0,,,,,1,Magic.wil#760#10#100#0#0,M6-2.ogg,,,Magic.wil#770#10#100#1,M6-3.ogg,,,10,2,10#100,30,1000,0,0,0,newskii/6.png,196#224#1#0,单体攻击技能
10101,101,施毒术,3,79,1,3,0,0,8,8,1,0,,2,1,1#0,100,0#0,0#0,0#0#0,101#100#60#50#0#0|201#100#60#0#0#0,,,,,1,Magic.wil#760#10#100#0#0,M6-2.ogg,,,Magic.wil#770#10#100#1,M6-3.ogg,,,10,2,20#200,30,1000,0,0,0,newskii/6.png,196#224#1#0,单体攻击技能
10102,101,施毒术,3,79,1,3,0,0,8,8,1,0,,2,1,1#0,100,0#0,0#0,0#0#0,101#100#60#50#0#0|201#100#60#0#0#0,,,,,1,Magic.wil#760#10#100#0#0,M6-2.ogg,,,Magic.wil#770#10#100#1,M6-3.ogg,,,10,2,30#300,30,1000,0,0,0,newskii/6.png,196#224#1#0,单体攻击技能
10103,101,施毒术,3,79,1,3,0,0,8,8,1,0,,2,1,1#0,100,0#0,0#0,0#0#0,101#100#60#50#0#0|201#100#60#0#0#0,,,,,1,Magic.wil#760#10#100#0#0,M6-2.ogg,,,Magic.wil#770#10#100#1,M6-3.ogg,,,10,2,40#0,30,1000,0,0,0,newskii/6.png,196#224#1#0,单体攻击技能
10200,102,群体施毒术,3,78,2,3,0,0,8,8,3,0,,4,4,1#0,100,0#0,0#0,0#0#0,101#100#60#50#0#0|201#100#60#0#0#0,,,,,1,Magic4.wil#820#10#100#0#0,M6-2.ogg,,,,,Magic4.wil#780#30#100#0,M6-3.ogg,10,2,10#10,30,1000,0,0,0,newskii/6_4.png,196#224#1#0,群体攻击技能
10201,102,群体施毒术,3,78,2,3,0,0,8,8,3,0,,4,4,1#0,100,0#0,0#0,0#0#0,101#100#60#50#0#0|201#100#60#0#0#0,,,,,1,Magic4.wil#820#10#100#0#0,M6-2.ogg,,,,,Magic4.wil#780#30#100#0,M6-3.ogg,10,2,20#20,30,1000,0,0,0,newskii/6_4.png,196#224#1#0,群体攻击技能
10202,102,群体施毒术,3,78,2,3,0,0,8,8,3,0,,4,4,1#0,100,0#0,0#0,0#0#0,101#100#60#50#0#0|201#100#60#0#0#0,,,,,1,Magic4.wil#820#10#100#0#0,M6-2.ogg,,,,,Magic4.wil#780#30#100#0,M6-3.ogg,10,2,30#30,30,1000,0,0,0,newskii/6_4.png,196#224#1#0,群体攻击技能
10203,102,群体施毒术,3,78,2,3,0,0,8,8,3,0,,4,4,1#0,100,0#0,0#0,0#0#0,101#100#60#50#0#0|201#100#60#0#0#0,,,,,1,Magic4.wil#820#10#100#0#0,M6-2.ogg,,,,,Magic4.wil#780#30#100#0,M6-3.ogg,10,2,40#0,30,1000,0,0,0,newskii/6_4.png,196#224#1#0,群体攻击技能
10300,103,治愈术,2,77,5,1,0,0,8,8,1,0,,1,1,1#0,110,0#0,0#0,0#0#0,,,,,,1,Magic.wil#1500#10#100#1#0,M2-1.ogg,,,Magic.wil#370#10#100#0#0,M2-3.ogg,,,10,0,10#10,30,1000,0,0,0,newskii/magic2.png,119#317#1#0,单体回复技能
10301,103,治愈术,2,77,5,1,0,0,8,8,1,0,,1,1,1#0,115,0#0,0#0,0#0#0,,,,,,1,Magic.wil#1500#10#100#1#0,M2-1.ogg,,,Magic.wil#370#10#100#0#0,M2-3.ogg,,,15,0,20#20,30,1000,0,0,0,newskii/magic2.png,119#317#1#0,单体回复技能
10302,103,治愈术,2,77,5,1,0,0,8,8,1,0,,1,1,1#0,120,0#0,0#0,0#0#0,,,,,,1,Magic.wil#1500#10#100#1#0,M2-1.ogg,,,Magic.wil#370#10#100#0#0,M2-3.ogg,,,20,0,30#30,30,1000,0,0,0,newskii/magic2.png,119#317#1#0,单体回复技能
10303,103,治愈术,2,77,5,1,0,0,8,8,1,0,,1,1,1#0,125,0#0,0#0,0#0#0,,,,,,1,Magic.wil#1500#10#100#1#0,M2-1.ogg,,,Magic.wil#370#10#100#0#0,M2-3.ogg,,,25,0,40#0,30,1000,0,0,0,newskii/magic2.png,119#317#1#0,单体回复技能
10400,104,群体治疗术,2,76,5,1,0,0,8,8,3,0,,3,8,1#0,110,0#0,0#0,0#0#0,,,,,,1,Magic.wil#1500#10#100#1#0,M2-1.ogg,,,Magic.wil#1790#20#100#1#0,M2-3.ogg,,,10,0,10#10,30,1000,0,0,0,newskii/magic2.png,119#317#1#0,群体回复技能
10401,104,群体治疗术,2,76,5,1,0,0,8,8,3,0,,3,8,1#0,115,0#0,0#0,0#0#0,,,,,,1,Magic.wil#1500#10#100#1#0,M2-1.ogg,,,Magic.wil#1790#20#100#1#0,M2-3.ogg,,,15,0,20#20,30,1000,0,0,0,newskii/magic2.png,119#317#1#0,群体回复技能
10402,104,群体治疗术,2,76,5,1,0,0,8,8,3,0,,3,8,1#0,120,0#0,0#0,0#0#0,,,,,,1,Magic.wil#1500#10#100#1#0,M2-1.ogg,,,Magic.wil#1790#20#100#1#0,M2-3.ogg,,,20,0,30#30,30,1000,0,0,0,newskii/magic2.png,119#317#1#0,群体回复技能
10403,104,群体治疗术,2,76,5,1,0,0,8,8,3,0,,3,8,1#0,125,0#0,0#0,0#0#0,,,,,,1,Magic.wil#1500#10#100#1#0,M2-1.ogg,,,Magic.wil#1790#20#100#1#0,M2-3.ogg,,,25,0,40#0,30,1000,0,0,0,newskii/magic2.png,119#317#1#0,群体回复技能
10500,105,神圣战甲术,3,75,5,1,0,0,8,0,3,0,,3,8,1#0,110,0#0,0#0,0#0#0,1001#100#60,,,,,1,,,,,Magic.wil#1340#16#100#0#0,M8-2.ogg,,,10,2,10#10,30,1000,0,0,0,newskii/magic15.png,254#168#1#0,群体辅助技能
10501,105,神圣战甲术,3,75,5,1,0,0,8,0,3,0,,3,8,1#0,115,0#0,0#0,0#0#0,1001#100#60,,,,,1,,,,,Magic.wil#1340#16#100#0#0,M8-2.ogg,,,15,2,20#20,30,1000,0,0,0,newskii/magic15.png,254#168#1#0,群体辅助技能
10502,105,神圣战甲术,3,75,5,1,0,0,8,0,3,0,,3,8,1#0,120,0#0,0#0,0#0#0,1001#100#60,,,,,1,,,,,Magic.wil#1340#16#100#0#0,M8-2.ogg,,,20,2,30#30,30,1000,0,0,0,newskii/magic15.png,254#168#1#0,群体辅助技能
10503,105,神圣战甲术,3,75,5,1,0,0,8,0,3,0,,3,8,1#0,125,0#0,0#0,0#0#0,1001#100#60,,,,,1,,,,,Magic.wil#1340#16#100#0#0,M8-2.ogg,,,25,2,40#0,30,1000,0,0,0,newskii/magic15.png,254#168#1#0,群体辅助技能
10600,106,幽灵盾,3,74,5,1,0,0,8,0,3,0,,3,8,1#0,110,0#0,0#0,0#0#0,1101#100#60,,,,,1,,,,,Magic.wil#1320#16#100#0#0,M8-2.ogg,,,10,2,10#10,30,1000,0,0,0,newskii/magic14.png,281#103#1#0,群体辅助技能
10601,106,幽灵盾,3,74,5,1,0,0,8,0,3,0,,3,8,1#0,115,0#0,0#0,0#0#0,1101#100#60,,,,,1,,,,,Magic.wil#1320#16#100#0#0,M8-2.ogg,,,15,2,20#20,30,1000,0,0,0,newskii/magic14.png,281#103#1#0,群体辅助技能
10602,106,幽灵盾,3,74,5,1,0,0,8,0,3,0,,3,8,1#0,120,0#0,0#0,0#0#0,1101#100#60,,,,,1,,,,,Magic.wil#1320#16#100#0#0,M8-2.ogg,,,20,2,30#30,30,1000,0,0,0,newskii/magic14.png,281#103#1#0,群体辅助技能
10603,106,幽灵盾,3,74,5,1,0,0,8,0,3,0,,3,8,1#0,125,0#0,0#0,0#0#0,1101#100#60,,,,,1,,,,,Magic.wil#1320#16#100#0#0,M8-2.ogg,,,25,2,40#0,30,1000,0,0,0,newskii/magic14.png,281#103#1#0,群体辅助技能
10700,107,隐身术,3,80,5,5,0,0,8,0,0,0,,1,1,1#0,110,0#0,0#0,0#0#0,901#100#30,,,,,1,Magic.wil#1540#10#100#0#0,M18-1.ogg,,,,,,,10,0,10#10,30,1000,0,0,0,newskii/magic18.png,288#29#1#0,单体辅助技能
10701,107,隐身术,3,80,5,5,0,0,8,0,0,0,,1,1,1#0,115,0#0,0#0,0#0#0,901#100#40,,,,,1,Magic.wil#1540#10#100#0#0,M18-1.ogg,,,,,,,15,0,20#20,30,1000,0,0,0,newskii/magic18.png,288#29#1#0,单体辅助技能
10702,107,隐身术,3,80,5,5,0,0,8,0,0,0,,1,1,1#0,120,0#0,0#0,0#0#0,901#100#50,,,,,1,Magic.wil#1540#10#100#0#0,M18-1.ogg,,,,,,,20,0,30#30,30,1000,0,0,0,newskii/magic18.png,288#29#1#0,单体辅助技能
10703,107,隐身术,3,80,5,5,0,0,8,0,0,0,,1,1,1#0,125,0#0,0#0,0#0#0,901#100#60,,,,,1,Magic.wil#1540#10#100#0#0,M18-1.ogg,,,,,,,25,0,40#0,30,1000,0,0,0,newskii/magic18.png,288#29#1#0,单体辅助技能
10800,108,群体隐身术,3,80,5,5,0,0,8,0,3,0,,8,8,1#0,110,0#0,0#0,0#0#0,901#100#30,,,,,1,Magic.wil#1540#10#100#0#0,M18-1.ogg,,,,,,,10,0,10#10,30,1000,0,0,0,newskii/magic19.png,288#29#1#0,群体辅助技能
10801,108,群体隐身术,3,80,5,5,0,0,8,0,3,0,,8,8,1#0,115,0#0,0#0,0#0#0,901#100#40,,,,,1,Magic.wil#1540#10#100#0#0,M18-1.ogg,,,,,,,15,0,20#20,30,1000,0,0,0,newskii/magic19.png,288#29#1#0,群体辅助技能
10802,108,群体隐身术,3,80,5,5,0,0,8,0,3,0,,8,8,1#0,120,0#0,0#0,0#0#0,901#100#50,,,,,1,Magic.wil#1540#10#100#0#0,M18-1.ogg,,,,,,,20,0,30#30,30,1000,0,0,0,newskii/magic19.png,288#29#1#0,群体辅助技能
10803,108,群体隐身术,3,80,5,5,0,0,8,0,3,0,,8,8,1#0,125,0#0,0#0,0#0#0,901#100#50,,,,,1,Magic.wil#1540#10#100#0#0,M18-1.ogg,,,,,,,25,0,40#0,30,1000,0,0,0,newskii/magic19.png,288#29#1#0,群体辅助技能
10900,109,召唤骷髅,5,73,0,0,0,0,8,0,0,0,,1,1,1#0,100,0#0,0#0,0#0#0,,,7#2#360,变异骷髅,,1,Magic2.wil#0#10#100#0#0,M30-1.ogg,,,,,,,10,0,40#0,30,1000,0,0,0,newskii/magic17.png,189#309#1#0,召唤技能
10901,109,召唤骷髅,5,73,0,0,0,0,8,0,0,0,,1,1,1#0,100,0#0,0#0,0#0#0,,,7#2#360,变异骷髅,,1,Magic2.wil#0#10#100#0#0,M30-1.ogg,,,,,,,10,0,40#0,30,1000,0,0,0,newskii/magic17.png,189#309#1#0,召唤技能
10902,109,召唤骷髅,5,73,0,0,0,0,8,0,0,0,,1,1,1#0,100,0#0,0#0,0#0#0,,,7#2#360,变异骷髅,,1,Magic2.wil#0#10#100#0#0,M30-1.ogg,,,,,,,10,0,40#0,30,1000,0,0,0,newskii/magic17.png,189#309#1#0,召唤技能
10903,109,召唤骷髅,5,73,0,0,0,0,8,0,0,0,,1,1,1#0,100,0#0,0#0,0#0#0,,,7#2#360,变异骷髅,,1,Magic2.wil#0#10#100#0#0,M30-1.ogg,,,,,,,10,0,40#0,30,1000,0,0,0,newskii/magic17.png,189#309#1#0,召唤技能
11000,110,召唤月灵,5,72,0,0,0,0,8,0,0,0,,1,1,1#0,100,0#0,0#0,0#0#0,,,7#2#360,月灵,,1,Magic2.wil#0#10#100#0#0,M30-1.ogg,,,,,,,15,0,40#0,30,1000,0,0,0,newskii/magic72.png,252#268#1#0,召唤技能
11001,110,召唤月灵,5,72,0,0,0,0,8,0,0,0,,1,1,1#0,100,0#0,0#0,0#0#0,,,7#2#360,月灵,,1,Magic2.wil#0#10#100#0#0,M30-1.ogg,,,,,,,15,0,40#0,30,1000,0,0,0,newskii/magic72.png,252#268#1#0,召唤技能
11002,110,召唤月灵,5,72,0,0,0,0,8,0,0,0,,1,1,1#0,100,0#0,0#0,0#0#0,,,7#2#360,月灵,,1,Magic2.wil#0#10#100#0#0,M30-1.ogg,,,,,,,15,0,40#0,30,1000,0,0,0,newskii/magic72.png,252#268#1#0,召唤技能
11003,110,召唤月灵,5,72,0,0,0,0,8,0,0,0,,1,1,1#0,100,0#0,0#0,0#0#0,,,7#2#360,月灵,,1,Magic2.wil#0#10#100#0#0,M30-1.ogg,,,,,,,15,0,40#0,30,1000,0,0,0,newskii/magic72.png,252#268#1#0,召唤技能
11100,111,召唤神兽,5,71,0,0,0,0,8,0,0,0,,1,1,1#0,100,0#0,0#0,0#0#0,,,7#2#360,神兽,,1,Magic2.wil#0#10#100#0#0,M30-1.ogg,,,Magic2.wil#0#10#100#0#0,M30-3.ogg,,,20,0,40#0,30,5000,0,0,0,newskii/magic30.png,301#228#1#0,召唤技能
11101,111,召唤神兽,5,71,0,0,0,0,8,0,0,0,,1,1,1#0,100,0#0,0#0,0#0#0,,,7#2#360,神兽,,1,Magic2.wil#0#10#100#0#0,M30-1.ogg,,,Magic2.wil#0#10#100#0#0,M30-3.ogg,,,20,0,40#0,30,5000,0,0,0,newskii/magic30.png,301#228#1#0,召唤技能
11102,111,召唤神兽,5,71,0,0,0,0,8,0,0,0,,1,1,1#0,100,0#0,0#0,0#0#0,,,7#2#360,神兽,,1,Magic2.wil#0#10#100#0#0,M30-1.ogg,,,Magic2.wil#0#10#100#0#0,M30-3.ogg,,,20,0,40#0,30,5000,0,0,0,newskii/magic30.png,301#228#1#0,召唤技能
11103,111,召唤神兽,5,71,0,0,0,0,8,0,0,0,,1,1,1#0,100,0#0,0#0,0#0#0,,,7#2#360,神兽,,1,Magic2.wil#0#10#100#0#0,M30-1.ogg,,,Magic2.wil#0#10#100#0#0,M30-3.ogg,,,20,0,40#0,30,5000,0,0,0,newskii/magic30.png,301#228#1#0,召唤技能
11200,112,召唤圣兽,5,70,0,0,0,0,8,0,0,0,,1,1,1#0,100,0#0,0#0,0#0#0,,,7#2#360,圣兽,,1,Magic2.wil#0#10#100#0#0,M30-1.ogg,,,,,M30-3.ogg,,25,0,40#0,30,1000,0,0,0,newskii/magic30.png,301#228#1#0,召唤技能
11201,112,召唤圣兽,5,70,0,0,0,0,8,0,0,0,,1,1,1#0,100,0#0,0#0,0#0#0,,,7#2#360,圣兽,,1,Magic2.wil#0#10#100#0#0,M30-1.ogg,,,,,M30-3.ogg,,25,0,40#0,30,1000,0,0,0,newskii/magic30.png,301#228#1#0,召唤技能
11202,112,召唤圣兽,5,70,0,0,0,0,8,0,0,0,,1,1,1#0,100,0#0,0#0,0#0#0,,,7#2#360,圣兽,,1,Magic2.wil#0#10#100#0#0,M30-1.ogg,,,,,M30-3.ogg,,25,0,40#0,30,1000,0,0,0,newskii/magic30.png,301#228#1#0,召唤技能
11203,112,召唤圣兽,5,70,0,0,0,0,8,0,0,0,,1,1,1#0,100,0#0,0#0,0#0#0,,,7#2#360,圣兽,,1,Magic2.wil#0#10#100#0#0,M30-1.ogg,,,,,M30-3.ogg,,25,0,40#0,30,1000,0,0,0,newskii/magic30.png,301#228#1#0,召唤技能
11300,113,大火球术,0,60,3,3,0,0,8,0,4,0,,2,1,1#0,110,0#0,0#0,0#0#0,,,,,,1,Magic.wil#400#10#100#0#0,M5-1.ogg,Magic.wil#410#10#100#0#0#16#10,M5-2.ogg,Magic.wil#570#10#100#0#0,M5-3.ogg,,,10,1,10#10,500,1000,0,0,0,newskii/magic5.png,203#227#1#0,单体攻击技能
11301,113,大火球术,0,60,3,3,0,0,8,0,4,0,,2,1,1#0,115,0#0,0#0,0#0#0,,,,,,1,Magic.wil#400#10#100#0#0,M5-1.ogg,Magic.wil#410#10#100#0#0#16#10,M5-2.ogg,Magic.wil#570#10#100#0#0,M5-3.ogg,,,15,1,20#20,500,1000,0,0,0,newskii/magic5.png,203#227#1#0,单体攻击技能
11302,113,大火球术,0,60,3,3,0,0,8,0,4,0,,2,1,1#0,120,0#0,0#0,0#0#0,,,,,,1,Magic.wil#400#10#100#0#0,M5-1.ogg,Magic.wil#410#10#100#0#0#16#10,M5-2.ogg,Magic.wil#570#10#100#0#0,M5-3.ogg,,,20,1,30#30,500,1000,0,0,0,newskii/magic5.png,203#227#1#0,单体攻击技能
11303,113,大火球术,0,60,3,3,0,0,8,0,4,0,,2,1,1#0,125,0#0,0#0,0#0#0,,,,,,1,Magic.wil#400#10#100#0#0,M5-1.ogg,Magic.wil#410#10#100#0#0#16#10,M5-2.ogg,Magic.wil#570#10#100#0#0,M5-3.ogg,,,25,1,40#0,500,1000,0,0,0,newskii/magic5.png,203#227#1#0,单体攻击技能
11400,114,雷电术,0,59,2,3,0,0,8,8,2,0,,2,1,1#0,110,0#0,0#0,0#0#0,,,,,,1,Magic2.wil#20#3#100#0#0,,,,Magic.wil#950#6#100#0#0,M11-2.ogg,,,10,1,10#10,30,1000,0,0,0,newskii/magic11.png,258#165#1#0,单体攻击技能
11401,114,雷电术,0,59,2,3,0,0,8,8,2,0,,2,1,1#0,110,0#0,0#0,0#0#0,,,,,,1,Magic2.wil#20#3#100#0#0,,,,Magic.wil#950#6#100#0#0,M11-2.ogg,,,15,1,20#20,30,1000,0,0,0,newskii/magic11.png,258#165#1#0,单体攻击技能
11402,114,雷电术,0,59,2,3,0,0,8,8,2,0,,2,1,1#0,110,0#0,0#0,0#0#0,,,,,,1,Magic2.wil#20#3#100#0#0,,,,Magic.wil#950#6#100#0#0,M11-2.ogg,,,20,1,30#30,30,1000,0,0,0,newskii/magic11.png,258#165#1#0,单体攻击技能
11403,114,雷电术,0,59,2,3,0,0,8,8,2,0,,2,1,1#0,110,0#0,0#0,0#0#0,,,,,,1,Magic2.wil#20#3#100#0#0,,,,Magic.wil#950#6#100#0#0,M11-2.ogg,,,25,1,40#0,30,1000,0,0,0,newskii/magic11.png,258#165#1#0,单体攻击技能
11500,115,群体雷电术,0,58,2,3,0,0,8,8,2,0,,8,8,1#0,110,0#0,0#0,0#0#0,,,,,,1,Magic2.wil#20#3#100#0#0,,,,,,Magic.wil#950#6#100#0#0,M11-2.ogg,10,1,10#10,30,1000,0,0,0,newskii/magic11.png,286#235#1#0,群体攻击技能
11501,115,群体雷电术,0,58,2,3,0,0,8,8,2,0,,8,8,1#0,115,0#0,0#0,0#0#0,,,,,,1,Magic2.wil#20#3#100#0#0,,,,,,Magic.wil#950#6#100#0#0,M11-2.ogg,15,1,20#20,30,1000,0,0,0,newskii/magic11.png,286#235#1#0,群体攻击技能
11502,115,群体雷电术,0,58,2,3,0,0,8,8,2,0,,8,8,1#0,120,0#0,0#0,0#0#0,,,,,,1,Magic2.wil#20#3#100#0#0,,,,,,Magic.wil#950#6#100#0#0,M11-2.ogg,20,1,30#30,30,1000,0,0,0,newskii/magic11.png,286#235#1#0,群体攻击技能
11503,115,群体雷电术,0,58,2,3,0,0,8,8,2,0,,8,8,1#0,125,0#0,0#0,0#0#0,,,,,,1,Magic2.wil#20#3#100#0#0,,,,,,Magic.wil#950#6#100#0#0,M11-2.ogg,25,1,40#0,30,1000,0,0,0,newskii/magic11.png,286#235#1#0,群体攻击技能
11600,116,抗拒火环,4,57,3,3,0,0,1,0,0,1#2#3#4#5#6#7#8,,8,8,1#0,110,0#0,0#0,0#0#0,,,0#1#100#1#0#0,,,1,Magic.wil#900#6#100#0#0,M8-2.ogg,,,,,,,10,1,10#10,30,4000,0,0,0,newskii/f03.png,226#290#1#0,群体特殊技能
11601,116,抗拒火环,4,57,3,3,0,0,1,0,0,1#2#3#4#5#6#7#8,,8,8,1#0,115,0#0,0#0,0#0#0,,,0#1#100#1#0#0,,,1,Magic.wil#900#6#100#0#0,M8-2.ogg,,,,,,,15,1,20#20,30,4000,0,0,0,newskii/f03.png,226#290#1#0,群体特殊技能
11602,116,抗拒火环,4,57,3,3,0,0,1,0,0,1#2#3#4#5#6#7#8,,8,8,1#0,120,0#0,0#0,0#0#0,,,0#1#100#1#0#0,,,1,Magic.wil#900#6#100#0#0,M8-2.ogg,,,,,,,20,1,30#30,30,4000,0,0,0,newskii/f03.png,226#290#1#0,群体特殊技能
11603,116,抗拒火环,4,57,3,3,0,0,1,0,0,1#2#3#4#5#6#7#8,,8,8,1#0,125,0#0,0#0,0#0#0,,,0#1#100#1#0#0,,,1,Magic.wil#900#6#100#0#0,M8-2.ogg,,,,,,,25,1,40#0,30,4000,0,0,0,newskii/f03.png,226#290#1#0,群体特殊技能
11700,117,地狱雷光,0,56,3,3,0,0,1,0,0,1#2#3#4#5#6#7#8,,8,8,1#0,110,0#0,0#0,0#0#0,,,,,,1,Magic.wil#1680#10#100#0#0,M24-2.ogg,,,,,,,10,1,10#10,30,1000,0,0,0,newskii/magic24.png,291#18#1#0,群体攻击技能
11701,117,地狱雷光,0,56,3,3,0,0,1,0,0,1#2#3#4#5#6#7#8,,8,8,1#0,115,0#0,0#0,0#0#0,,,,,,1,Magic.wil#1680#10#100#0#0,M24-2.ogg,,,,,,,15,1,20#20,30,1000,0,0,0,newskii/magic24.png,291#18#1#0,群体攻击技能
11702,117,地狱雷光,0,56,3,3,0,0,1,0,0,1#2#3#4#5#6#7#8,,8,8,1#0,120,0#0,0#0,0#0#0,,,,,,1,Magic.wil#1680#10#100#0#0,M24-2.ogg,,,,,,,20,1,30#30,30,1000,0,0,0,newskii/magic24.png,291#18#1#0,群体攻击技能
11703,117,地狱雷光,0,56,3,3,0,0,1,0,0,1#2#3#4#5#6#7#8,,8,8,1#0,125,0#0,0#0,0#0#0,,,,,,1,Magic.wil#1680#10#100#0#0,M24-2.ogg,,,,,,,25,1,40#0,30,1000,0,0,0,newskii/magic24.png,291#18#1#0,群体攻击技能
11800,118,火墙,6,55,2,3,0,0,8,0,2,0,,1,8,1#0,110,0#0,0#0,0#0#0,,,30,,,1,Magic.wil#1620#10#100#0#0,M22-1.ogg,,,Magic.wil#1630#6#100#0#0,M22-3.ogg,,,10,1,10#10,30,1000,0,1,0,newskii/magic22.png,167#315#1#0,群体攻击技能
11801,118,火墙,6,55,2,3,0,0,8,0,2,0,,1,8,1#0,115,0#0,0#0,0#0#0,,,30,,,1,Magic.wil#1620#10#100#0#0,M22-1.ogg,,,Magic.wil#1630#6#100#0#0,M22-3.ogg,,,15,1,20#20,30,1000,0,1,0,newskii/magic22.png,167#315#1#0,群体攻击技能
11802,118,火墙,6,55,2,3,0,0,8,0,2,0,,1,8,1#0,120,0#0,0#0,0#0#0,,,30,,,1,Magic.wil#1620#10#100#0#0,M22-1.ogg,,,Magic.wil#1630#6#100#0#0,M22-3.ogg,,,20,1,30#30,30,1000,0,1,0,newskii/magic22.png,167#315#1#0,群体攻击技能
11803,118,火墙,6,55,2,3,0,0,8,0,2,0,,1,8,1#0,125,0#0,0#0,0#0#0,,,30,,,1,Magic.wil#1620#10#100#0#0,M22-1.ogg,,,Magic.wil#1630#6#100#0#0,M22-3.ogg,,,25,1,40#0,30,1000,0,1,0,newskii/magic22.png,167#315#1#0,群体攻击技能
11900,119,冰咆哮,0,54,2,3,0,0,8,8,2,0,,8,8,1#0,110,0#0,0#0,0#0#0,,,,,,1,Magic.wil#3840#10#100#0#0,M33-1.ogg,,,Magic.wil#3850#20#100#0#0,M33-3.ogg,,,10,1,10#10,30,1000,0,1,0,newskii/magic33.png,289#94#1#0,群体攻击技能
11901,119,冰咆哮,0,54,2,3,0,0,8,8,2,0,,8,8,1#0,115,0#0,0#0,0#0#0,,,,,,1,Magic.wil#3840#10#100#0#0,M33-1.ogg,,,Magic.wil#3850#20#100#0#0,M33-3.ogg,,,15,1,20#20,30,1000,0,1,0,newskii/magic33.png,289#94#1#0,群体攻击技能
11902,119,冰咆哮,0,54,2,3,0,0,8,8,2,0,,8,8,1#0,120,0#0,0#0,0#0#0,,,,,,1,Magic.wil#3840#10#100#0#0,M33-1.ogg,,,Magic.wil#3850#20#100#0#0,M33-3.ogg,,,20,1,30#30,30,1000,0,1,0,newskii/magic33.png,289#94#1#0,群体攻击技能
11903,119,冰咆哮,0,54,2,3,0,0,8,8,2,0,,8,8,1#0,125,0#0,0#0,0#0#0,,,,,,1,Magic.wil#3840#10#100#0#0,M33-1.ogg,,,Magic.wil#3850#20#100#0#0,M33-3.ogg,,,25,1,40#0,30,1000,0,1,0,newskii/magic33.png,289#94#1#0,群体攻击技能
12000,120,魔法盾,3,53,0,0,0,0,8,0,0,0,,1,1,1#0,1000,0#0,0#0,0#0#0,1201#100#60,,,,,1,Magic.wil#3880#10#100#0#0,M31-1.ogg,,,,,,,10,1,10#10,30,1000,0,0,0,newskii/magic31.png,97#318#1#0,单体防御技能
12001,120,魔法盾,3,53,0,0,0,0,8,0,0,0,,1,1,1#0,1000,0#0,0#0,0#0#0,1201#100#60,,,,,1,Magic.wil#3880#10#100#0#0,M31-1.ogg,,,,,,,15,1,20#20,30,1000,0,0,0,newskii/magic31.png,97#318#1#0,单体防御技能
12002,120,魔法盾,3,53,0,0,0,0,8,0,0,0,,1,1,1#0,1000,0#0,0#0,0#0#0,1201#100#60,,,,,1,Magic.wil#3880#10#100#0#0,M31-1.ogg,,,,,,,20,1,30#30,30,1000,0,0,0,newskii/magic31.png,97#318#1#0,单体防御技能
12003,120,魔法盾,3,53,0,0,0,0,8,0,0,0,,1,1,1#0,1000,0#0,0#0,0#0#0,1201#100#60,,,,,1,Magic.wil#3880#10#100#0#0,M31-1.ogg,,,,,,,25,1,40#0,30,1000,0,0,0,newskii/magic31.png,97#318#1#0,单体防御技能
12100,121,基本剑术,1,99,3,3,1,0,2,0,0,1,,2,2,1#10,110,0#0,0#0,0#0#0,,,,,29#5,2,,,,,,,,,0,0,5#300,30,100000,0,0,0,newskii/3.png,,单体攻击技能
12101,121,基本剑术,1,99,3,3,1,0,2,0,0,1,,2,2,1#20,115,0#0,0#0,0#0#0,,,,,29#10,2,,,,,,,,,0,0,50#600,30,100000,0,0,0,newskii/3.png,,单体攻击技能
12102,121,基本剑术,1,99,3,3,1,0,2,0,0,1,,2,2,1#30,120,0#0,0#0,0#0#0,,,,,29#15,2,,,,,,,,,0,0,80#1200,30,100000,0,0,0,newskii/3.png,,单体攻击技能
12103,121,基本剑术,1,99,3,3,1,0,2,0,0,1,,2,2,1#40,125,0#0,0#0,0#0#0,,,,,29#20,2,,,,,,,,,0,0,100#0,30,100000,0,0,0,newskii/3.png,,单体攻击技能
12200,122,刺杀剑术,1,99,3,3,1,0,2,2,0,1,,2,2,1#5,102,0#0,0#0,0#0#0,,,,,,2,Magic.wil#1410#10#60#0#0#8#10,SKILL001.ogg,,,,,,,0,0,5#300,30,1000,0,0,1,newskii/12.png,134#254#1#0,单体攻击技能
12201,122,刺杀剑术,1,99,3,3,1,0,2,2,0,1,,2,2,1#10,104,0#0,0#0,0#0#0,,,,,,2,Magic.wil#1410#10#60#0#0#8#10,SKILL001.ogg,,,,,,,0,0,50#600,30,1000,0,0,1,newskii/12.png,134#254#1#0,单体攻击技能
12202,122,刺杀剑术,1,99,3,3,1,0,2,2,0,1,,2,2,1#15,106,0#0,0#0,0#0#0,,,,,,2,Magic.wil#1410#10#60#0#0#8#10,SKILL001.ogg,,,,,,,0,0,80#1200,30,1000,0,0,1,newskii/12.png,134#254#1#0,单体攻击技能
12203,122,刺杀剑术,1,99,3,3,1,0,2,2,0,1,,2,2,1#20,108,0#0,0#0,0#0#0,,,,,,2,Magic.wil#1410#10#60#0#0#8#10,SKILL001.ogg,,,,,,,0,0,100#0,30,1000,0,0,1,newskii/12.png,134#254#1#0,单体攻击技能
12300,123,半月弯刀,1,98,3,3,1,0,1,0,0,1#2#3#4#8,40#0#0#0#0,1,6,1#0,60,0#0,0#0,0#0#0,,,,,,2,Magic.wil#1700#10#60#0#0#8#10,M25-1.ogg,,,,,,,0,0,5#300,30,1000,1,0,1,newskii/25.png,207#228#1#0,群体攻击技能
12301,123,半月弯刀,1,98,3,3,1,0,1,0,0,1#2#3#4#8,35#0#0#0#0,1,6,1#0,65,0#0,0#0,0#0#0,,,,,,2,Magic.wil#1700#10#60#0#0#8#10,M25-1.ogg,,,,,,,0,0,50#600,30,1000,1,0,1,newskii/25.png,207#228#1#0,群体攻击技能
12302,123,半月弯刀,1,98,3,3,1,0,1,0,0,1#2#3#4#8,30#0#0#0#0,1,6,1#0,70,0#0,0#0,0#0#0,,,,,,2,Magic.wil#1700#10#60#0#0#8#10,M25-1.ogg,,,,,,,0,0,80#1200,30,1000,1,0,1,newskii/25.png,207#228#1#0,群体攻击技能
12303,123,半月弯刀,1,98,3,3,1,0,1,0,0,1#2#3#4#8,20#0#0#0#0,1,6,1#0,80,0#0,0#0,0#0#0,,,,,,2,Magic.wil#1700#10#60#0#0#8#10,M25-1.ogg,,,,,,,0,0,100#0,30,1000,1,0,1,newskii/25.png,207#228#1#0,群体攻击技能
12400,124,烈火剑法,1,97,3,3,1,0,1,0,0,1,,1,1,1#0,120,0#0,0#0,0#0#0,,,,,,2,Magic.wil#3480#10#60#0#0#8#10,M26-3.ogg,,,,,,,0,0,5#300,30,7000,0,0,1,newskii/26.png,255#171#1#0,单体攻击技能
12401,124,烈火剑法,1,97,3,3,1,0,1,0,0,1,,1,1,1#0,130,0#0,0#0,0#0#0,,,,,,2,Magic.wil#3480#10#60#0#0#8#10,M26-3.ogg,,,,,,,0,0,50#600,30,7000,0,0,1,newskii/26.png,255#171#1#0,单体攻击技能
12402,124,烈火剑法,1,97,3,3,1,0,1,0,0,1,,1,1,1#0,140,0#0,0#0,0#0#0,,,,,,2,Magic.wil#3480#10#60#0#0#8#10,M26-3.ogg,,,,,,,0,0,80#1200,30,7000,0,0,1,newskii/26.png,255#171#1#0,单体攻击技能
12403,124,烈火剑法,1,97,3,3,1,0,1,0,0,1,,1,1,1#0,150,0#0,0#0,0#0#0,,,,,,2,Magic.wil#3480#10#60#0#0#8#10,M26-3.ogg,,,,,,,0,0,100#0,30,7000,0,0,1,newskii/26.png,255#171#1#0,单体攻击技能
12500,125,野蛮冲撞,4,99,3,3,0,0,2,0,0,1,,3,1,1#0,110,0#0,0#0,0#0#0,,,1#0#100#5#1#1,,,5,,,,,,,,,0,0,5#300,30,5000,0,0,0,newskii/27.png,281#103#1#0,单体攻击技能
12501,125,野蛮冲撞,4,99,3,3,0,0,2,0,0,1,,3,1,1#0,115,0#0,0#0,0#0#0,,,1#0#100#5#1#1,,,5,,,,,,,,,0,0,50#600,30,5000,0,0,0,newskii/27.png,281#103#1#0,单体攻击技能
12502,125,野蛮冲撞,4,99,3,3,0,0,2,0,0,1,,3,1,1#0,120,0#0,0#0,0#0#0,,,1#0#100#5#1#1,,,5,,,,,,,,,0,0,80#1200,30,5000,0,0,0,newskii/27.png,281#103#1#0,单体攻击技能
12503,125,野蛮冲撞,4,99,3,3,0,0,2,0,0,1,,3,1,1#0,125,0#0,0#0,0#0#0,,,1#0#100#5#1#1,,,5,,,,,,,,,0,0,100#0,30,5000,0,0,0,newskii/27.png,281#103#1#0,单体攻击技能
12600,126,开天斩,1,96,3,3,1,0,3,0,0,1,,3,3,1#10,110,0#0,0#0,0#0#0,,,,,,2,Magic5.wil#715#10#120#0#0#8#10,M56-0.ogg#M56-3.ogg,,,,,,,10,0,10#10,30,9000,0,0,1,newskii/39.png,165#322#1#0,单体攻击技能
12601,126,开天斩,1,96,3,3,1,0,3,0,0,1,,3,3,1#20,115,0#0,0#0,0#0#0,,,,,,2,Magic5.wil#715#10#120#0#0#8#10,M56-0.ogg#M56-3.ogg,,,,,,,15,0,20#20,30,9000,0,0,1,newskii/39.png,165#322#1#0,单体攻击技能
12602,126,开天斩,1,96,3,3,1,0,3,0,0,1,,3,3,1#30,120,0#0,0#0,0#0#0,,,,,,2,Magic5.wil#715#10#120#0#0#8#10,M56-0.ogg#M56-3.ogg,,,,,,,20,0,30#30,30,9000,0,0,1,newskii/39.png,165#322#1#0,单体攻击技能
12603,126,开天斩,1,96,3,3,1,0,3,0,0,1,,3,3,1#40,125,0#0,0#0,0#0#0,,,,,,2,Magic5.wil#715#10#120#0#0#8#10,M56-0.ogg#M56-3.ogg,,,,,,,25,0,40#0,30,9000,0,0,1,newskii/39.png,165#322#1#0,单体攻击技能
12700,127,手动开天斩,0,96,6,3,0,0,6,0,2,1,,6,6,1#10,110,0#0,0#0,0#0#0,,,,,,1,Magic5.wil#715#10#120#0#0#8#10,,,,,,,,10,0,10#10,30,1000,0,0,0,newskii/39.png,165#322#1#0,单体攻击技能
12701,127,手动开天斩,0,96,6,3,0,0,6,0,2,1,,6,6,1#20,115,0#0,0#0,0#0#0,,,,,,1,Magic5.wil#715#10#120#0#0#8#10,,,,,,,,15,0,20#20,30,1000,0,0,0,newskii/39.png,165#322#1#0,单体攻击技能
12702,127,手动开天斩,0,96,6,3,0,0,6,0,2,1,,6,6,1#30,120,0#0,0#0,0#0#0,,,,,,1,Magic5.wil#715#10#120#0#0#8#10,,,,,,,,20,0,30#30,30,1000,0,0,0,newskii/39.png,165#322#1#0,单体攻击技能
12703,127,手动开天斩,0,96,6,3,0,0,6,0,2,1,,6,6,1#40,125,0#0,0#0,0#0#0,,,,,,1,Magic5.wil#715#10#120#0#0#8#10,,,,,,,,25,0,40#0,30,1000,0,0,0,newskii/39.png,165#322#1#0,单体攻击技能
12800,128,擒龙手,7,99,1,3,0,0,12,0,1,0,,1,1,1#0,110,0#0,0#0,0#0#0,,,100,,,1,Magic6.wil#80#10#80#0#0,,,,Magic3.wil#20#10#80#0#0,,,,1,0,10#10,30,1000,0,0,0,newskii/magic55.png,298#238#1#0,单体攻击技能
12801,128,擒龙手,7,99,1,3,0,0,12,0,1,0,,1,1,1#0,110,0#0,0#0,0#0#0,,,100,,,1,Magic6.wil#80#10#80#0#0,,,,Magic3.wil#20#10#80#0#0,,,,1,0,20#20,30,1000,0,0,0,newskii/magic55.png,298#238#1#0,单体攻击技能
12802,128,擒龙手,7,99,1,3,0,0,12,0,1,0,,1,1,1#0,110,0#0,0#0,0#0#0,,,100,,,1,Magic6.wil#80#10#80#0#0,,,,Magic3.wil#20#10#80#0#0,,,,1,0,30#30,30,1000,0,0,0,newskii/magic55.png,298#238#1#0,单体攻击技能
12803,128,擒龙手,7,99,1,3,0,0,12,0,1,0,,1,1,1#0,110,0#0,0#0,0#0#0,,,100,,,1,Magic6.wil#80#10#80#0#0,,,,Magic3.wil#20#10#80#0#0,,,,1,0,40#0,30,1000,0,0,0,newskii/magic55.png,298#238#1#0,单体攻击技能
12900,129,十步一杀,8,99,1,3,0,0,12,0,1,0,,1,1,1#10,110,0#0,0#0,0#0#0,,,3#0#0,,,3,,,,,Magic.wil#1675#14#50#0#0,,,,1,0,10#10,30,10000,0,0,0,newskii/86.png,240#297#1#0,单体攻击技能
12901,129,十步一杀,8,99,1,3,0,0,12,0,1,0,,1,1,1#20,115,0#0,0#0,0#0#0,,,3#0#0,,,3,,,,,Magic.wil#1675#14#50#0#0,,,,1,0,20#20,30,10000,0,0,0,newskii/86.png,240#297#1#0,单体攻击技能
12902,129,十步一杀,8,99,1,3,0,0,12,0,1,0,,1,1,1#30,120,0#0,0#0,0#0#0,,,3#0#0,,,3,,,,,Magic.wil#1675#14#50#0#0,,,,1,0,30#30,30,10000,0,0,0,newskii/86.png,240#297#1#0,单体攻击技能
12903,129,十步一杀,8,99,1,3,0,0,12,0,1,0,,1,1,1#40,125,0#0,0#0,0#0#0,,,3#0#0,,,3,,,,,Magic.wil#1675#14#50#0#0,,,,1,0,40#0,30,10000,0,0,0,newskii/86.png,240#297#1#0,单体攻击技能
13000,130,逐日剑法,1,95,3,3,1,0,3,0,0,1,,3,3,1#10,110,0#0,0#0,0#0#0,,,,,,2,Magic4.wil#10#20#70#0#0#8#20,cboZs3_start_m.ogg#cboZs3_start_w.ogg,,,,,,,10,0,10#10,30,8000,0,0,1,newskii/34.png,89#328#1#0,单体攻击技能
13001,130,逐日剑法,1,95,3,3,1,0,3,0,0,1,,3,3,1#20,115,0#0,0#0,0#0#0,,,,,,2,Magic4.wil#10#20#70#0#0#8#20,cboZs3_start_m.ogg#cboZs3_start_w.ogg,,,,,,,15,0,20#20,30,8000,0,0,1,newskii/34.png,89#328#1#0,单体攻击技能
13002,130,逐日剑法,1,95,3,3,1,0,3,0,0,1,,3,3,1#30,120,0#0,0#0,0#0#0,,,,,,2,Magic4.wil#10#20#70#0#0#8#20,cboZs3_start_m.ogg#cboZs3_start_w.ogg,,,,,,,20,0,30#30,30,8000,0,0,1,newskii/34.png,89#328#1#0,单体攻击技能
13003,130,逐日剑法,1,95,3,3,1,0,3,0,0,1,,3,3,1#40,125,0#0,0#0,0#0#0,,,,,,2,Magic4.wil#10#20#70#0#0#8#20,cboZs3_start_m.ogg#cboZs3_start_w.ogg,,,,,,,25,0,40#0,30,8000,0,0,1,newskii/34.png,89#328#1#0,单体攻击技能
13100,131,护体神盾,3,94,0,0,0,0,8,0,0,0,,1,1,1#0,1000,0#0,0#0,0#0#0,801#100#60,,,,,1,Magic5.wil#790#10#70#0#0,hero-shield.ogg,,,,,,,10,1,10#10,30,10000,0,0,0,newskii/62.png,284#30#1#0,单体防御技能
13101,131,护体神盾,3,94,0,0,0,0,8,0,0,0,,1,1,1#0,1000,0#0,0#0,0#0#0,801#100#60,,,,,1,Magic5.wil#790#10#70#0#0,hero-shield.ogg,,,,,,,15,1,20#20,30,10000,0,0,0,newskii/62.png,284#30#1#0,单体防御技能
13102,131,护体神盾,3,94,0,0,0,0,8,0,0,0,,1,1,1#0,1000,0#0,0#0,0#0#0,801#100#60,,,,,1,Magic5.wil#790#10#70#0#0,hero-shield.ogg,,,,,,,20,1,30#30,30,10000,0,0,0,newskii/62.png,284#30#1#0,单体防御技能
13103,131,护体神盾,3,94,0,0,0,0,8,0,0,0,,1,1,1#0,1000,0#0,0#0,0#0#0,801#100#60,,,,,1,Magic5.wil#790#10#70#0#0,hero-shield.ogg,,,,,,,25,1,40#0,30,10000,0,0,0,newskii/62.png,284#30#1#0,单体防御技能
13200,132,彻地钉,0,93,2,3,0,0,8,0,2,0,,8,8,1#0,110,0#0,0#0,0#0#0,,,,,,2,Magic.wil#460#10#50#0#0,,,,,,Magic.wil#470#10#50#1#0,,10,1,10#10,30,1000,0,0,0,newskii/magic39.png,284#30#1#0,群体攻击技能
13201,132,彻地钉,0,93,2,3,0,0,8,0,2,0,,8,8,1#0,115,0#0,0#0,0#0#0,,,,,,2,Magic.wil#460#10#50#0#0,,,,,,Magic.wil#470#10#50#1#0,,15,1,20#20,30,1000,0,0,0,newskii/magic39.png,284#30#1#0,群体攻击技能
13202,132,彻地钉,0,93,2,3,0,0,8,0,2,0,,8,8,1#0,120,0#0,0#0,0#0#0,,,,,,2,Magic.wil#460#10#50#0#0,,,,,,Magic.wil#470#10#50#1#0,,20,1,30#30,30,1000,0,0,0,newskii/magic39.png,284#30#1#0,群体攻击技能
13203,132,彻地钉,0,93,2,3,0,0,8,0,2,0,,8,8,1#0,125,0#0,0#0,0#0#0,,,,,,2,Magic.wil#460#10#50#0#0,,,,,,Magic.wil#470#10#50#1#0,,25,1,40#0,30,1000,0,0,0,newskii/magic39.png,284#30#1#0,群体攻击技能
13300,133,驭雷术,3,7,0,0,0,0,2,0,0,0,,1,1,1#0,110,0#0,0#0,0#0#0,3301#100#60,,,,,1,,,,,Magic.wil#950#6#100#0#0,,,,10,0,10#10,30,1000,0,0,0,newskii/magic11.png,,群体攻击
13301,133,驭雷术,3,7,0,0,0,0,2,0,0,0,,1,1,1#0,115,0#0,0#0,0#0#0,3301#100#60,,,,,1,,,,,Magic.wil#950#6#100#0#0,,,,15,0,20#20,30,1000,0,0,0,newskii/magic11.png,,群体攻击
13302,133,驭雷术,3,7,0,0,0,0,2,0,0,0,,1,1,1#0,120,0#0,0#0,0#0#0,3301#100#60,,,,,1,,,,,Magic.wil#950#6#100#0#0,,,,20,0,30#30,30,1000,0,0,0,newskii/magic11.png,,群体攻击
13303,133,驭雷术,3,7,0,0,0,0,2,0,0,0,,1,1,1#0,125,0#0,0#0,0#0#0,3301#100#60,,,,,1,,,,,Magic.wil#950#6#100#0#0,,,,25,0,40#0,30,1000,0,0,0,newskii/magic11.png,,群体攻击
13400,134,战士合击,100,98,3,3,1,0,1,0,0,1#2#3#4#5#6#7#8,,3,8,1#0,110,0#0,0#0,0#0#0,,,,,,2,Magic.wil#1300#10#50#0#0#8#10,M7-1.ogg#M7-2.ogg,,,,,,,0,0,5#300,30,5000,0,0,0,newskii/magic104.png,215#252#1#0,合击技能
13401,134,战士合击,100,98,3,3,1,0,1,0,0,1#2#3#4#5#6#7#8,,3,8,1#0,115,0#0,0#0,0#0#0,,,,,,2,Magic.wil#1300#10#50#0#0#8#10,M7-1.ogg#M7-2.ogg,,,,,,,0,0,50#600,30,5000,0,0,0,newskii/magic104.png,215#252#1#0,合击技能
13402,134,战士合击,100,98,3,3,1,0,1,0,0,1#2#3#4#5#6#7#8,,3,8,1#0,120,0#0,0#0,0#0#0,,,,,,2,Magic.wil#1300#10#50#0#0#8#10,M7-1.ogg#M7-2.ogg,,,,,,,0,0,80#1200,30,5000,0,0,0,newskii/magic104.png,215#252#1#0,合击技能
13403,134,战士合击,100,98,3,3,1,0,1,0,0,1#2#3#4#5#6#7#8,,3,8,1#0,125,0#0,0#0,0#0#0,,,,,,2,Magic.wil#1300#10#50#0#0#8#10,M7-1.ogg#M7-2.ogg,,,,,,,0,0,100#0,30,5000,0,0,0,newskii/magic104.png,215#252#1#0,合击技能
13500,135,法师合击,100,58,2,3,0,0,8,8,2,0,,8,8,1#0,110,0#0,0#0,0#0#0,,,,,,1,Magic.wil#1504#10#50#0#0,,,,,,Magic.wil#1514#12#50#1#0,,10,1,5#300,30,5000,0,0,0,newskii/magic104.png,,合击技能
13501,135,法师合击,100,58,2,3,0,0,8,8,2,0,,8,8,1#0,115,0#0,0#0,0#0#0,,,,,,1,Magic.wil#1504#10#50#0#0,,,,,,Magic.wil#1514#12#50#1#0,,15,1,50#600,30,5000,0,0,0,newskii/magic104.png,,合击技能
13502,135,法师合击,100,58,2,3,0,0,8,8,2,0,,8,8,1#0,120,0#0,0#0,0#0#0,,,,,,1,Magic.wil#1504#10#50#0#0,,,,,,Magic.wil#1514#12#50#1#0,,20,1,80#1200,30,5000,0,0,0,newskii/magic104.png,,合击技能
13503,135,法师合击,100,58,2,3,0,0,8,8,2,0,,8,8,1#0,125,0#0,0#0,0#0#0,,,,,,1,Magic.wil#1504#10#50#0#0,,,,,,Magic.wil#1514#12#50#1#0,,25,1,100#0,30,5000,0,0,0,newskii/magic104.png,,合击技能
13600,136,道士合击,103,78,2,3,0,0,8,8,3,0,,8,8,1#0,100,0#0,0#0,0#0#0,101#100#60#60#0#0|201#100#60#60#0#0,,,,,1,Magic.wil#1173#7#50#1,,,,,,Magic.wil#1180#20#50#1,,10,2,5#300,30,5000,0,0,0,newskii/magic104.png,,合击技能
13601,136,道士合击,103,78,2,3,0,0,8,8,3,0,,8,8,1#0,100,0#0,0#0,0#0#0,101#100#60#80#0#0|201#100#60#80#0#0,,,,,1,Magic.wil#1173#7#50#1,,,,,,Magic.wil#1180#20#50#1,,15,2,50#600,30,5000,0,0,0,newskii/magic104.png,,合击技能
13602,136,道士合击,103,78,2,3,0,0,8,8,3,0,,8,8,1#0,100,0#0,0#0,0#0#0,101#100#60#100#0#0|201#100#60#100#0#0,,,,,1,Magic.wil#1173#7#50#1,,,,,,Magic.wil#1180#20#50#1,,20,2,80#1200,30,5000,0,0,0,newskii/magic104.png,,合击技能
13603,136,道士合击,103,78,2,3,0,0,8,8,3,0,,8,8,1#0,100,0#0,0#0,0#0#0,101#100#60#120#0#0|201#100#60#120#0#0,,,,,1,Magic.wil#1173#7#50#1,,,,,,Magic.wil#1180#20#50#1,,25,2,100#0,30,5000,0,0,0,newskii/magic104.png,,合击技能
13700,137,流星火雨,0,54,2,3,0,0,8,8,2,0,,8,8,1#0,110,0#0,10#0,3#100#10,,,,,,1,Magic7.wil#240#10#50#0#0,M33-1.ogg,,,Magic7.wil#260#28#50#0#0,M33-3.ogg,,,10,0,10#10,30,1000,0,0,0,newskii/magic58.png,,群体攻击技能
13701,137,流星火雨,0,54,2,3,0,0,8,8,2,0,,8,8,1#0,115,0#0,10#0,3#100#15,,,,,,1,Magic7.wil#240#10#50#0#0,M33-1.ogg,,,Magic7.wil#260#28#50#0#0,M33-3.ogg,,,15,0,20#20,30,1000,0,0,0,newskii/magic58.png,,群体攻击技能
13702,137,流星火雨,0,54,2,3,0,0,8,8,2,0,,8,8,1#0,120,0#0,10#0,3#100#20,,,,,,1,Magic7.wil#240#10#50#0#0,M33-1.ogg,,,Magic7.wil#260#28#50#0#0,M33-3.ogg,,,20,0,30#30,30,1000,0,0,0,newskii/magic58.png,,群体攻击技能
13703,137,流星火雨,0,54,2,3,0,0,8,8,2,0,,8,8,1#0,125,0#0,10#0,3#100#30,,,,,,1,Magic7.wil#240#10#50#0#0,M33-1.ogg,,,Magic7.wil#260#28#50#0#0,M33-3.ogg,,,25,0,40#0,30,1000,0,0,0,newskii/magic58.png,,群体攻击技能
13800,138,驭雷,0,58,2,3,0,0,8,8,2,0,,2,1,1#0,110,0#0,0#0,0#0#0,,,,,,1,Magic.wil#460#10#50#0#0,,,,,,Magic.wil#470#10#50#1#0,,10,1,10#10,30,1000,0,0,0,newskii/magic11.png,,群体攻击
13900,139,嗜血术,3,53,0,0,0,0,8,0,0,0,,1,1,1#0,100,0#0,0#0,0#0#0,4101#100#60,99#1#129#1,,,,1,Magic2.wil#1130#7#70#0#0,M31-1.ogg,,,,,,,10,1,10#10,30,1000,0,0,0,newskii/magic59.png,333#161#1#0,嗜血术
13901,139,嗜血术,3,53,0,0,0,0,8,0,0,0,,1,1,1#0,100,0#0,0#0,0#0#0,4102#100#60,99#1#129#1,,,,1,Magic2.wil#1130#7#70#0#0,M31-1.ogg,,,,,,,15,1,20#20,30,1000,0,0,0,newskii/magic59.png,333#161#1#0,嗜血术
13902,139,嗜血术,3,53,0,0,0,0,8,0,0,0,,1,1,1#0,100,0#0,0#0,0#0#0,4103#100#60,99#1#129#1,,,,1,Magic2.wil#1130#7#70#0#0,M31-1.ogg,,,,,,,20,1,30#30,30,1000,0,0,0,newskii/magic59.png,333#161#1#0,嗜血术
13903,139,嗜血术,3,53,0,0,0,0,8,0,0,0,,1,1,1#0,100,0#0,0#0,0#0#0,4104#100#60,99#1#129#1,,,,1,Magic2.wil#1130#7#70#0#0,M31-1.ogg,,,,,,,25,1,40#0,30,1000,0,0,0,newskii/magic59.png,333#161#1#0,嗜血术
13904,139,嗜血术,3,53,0,0,0,0,8,0,0,0,,1,1,1#0,100,0#0,0#0,0#0#0,4105#100#60,99#1#129#1,,,,1,Magic2.wil#1130#7#70#0#0,M31-1.ogg,,,,,,,25,1,40#0,30,1000,0,0,0,newskii/magic59.png,333#161#1#0,嗜血术
13905,139,嗜血术,3,53,0,0,0,0,8,0,0,0,,1,1,1#0,100,0#0,0#0,0#0#0,4106#100#60,99#1#129#1,,,,1,Magic2.wil#1130#7#70#0#0,M31-1.ogg,,,,,,,25,1,40#0,30,1000,0,0,0,newskii/magic59.png,333#161#1#0,嗜血术
13906,139,嗜血术,3,53,0,0,0,0,8,0,0,0,,1,1,1#0,100,0#0,0#0,0#0#0,4107#100#60,99#1#129#1,,,,1,Magic2.wil#1130#7#70#0#0,M31-1.ogg,,,,,,,25,1,40#0,30,1000,0,0,0,newskii/magic59.png,333#161#1#0,嗜血术
13907,139,嗜血术,3,53,0,0,0,0,8,0,0,0,,1,1,1#0,100,0#0,0#0,0#0#0,4108#100#60,99#1#129#1,,,,1,Magic2.wil#1130#7#70#0#0,M31-1.ogg,,,,,,,25,1,40#0,30,1000,0,0,0,newskii/magic59.png,333#161#1#0,嗜血术
14000,140,攻杀剑术,1,81,3,3,1,0,1,0,0,1,,1,1,1#0,102,0#0,0#0,0#0#0,,,,,,2,Magic.wil#800#10#60#0#0#8#10,M7-1.ogg#M7-2.ogg,,,,,,,0,0,5#300,30,10000,0,0,1,newskii/7.png,,单体攻击技能
14001,140,攻杀剑术,1,81,3,3,1,0,1,0,0,1,,1,1,1#0,104,0#0,0#0,0#0#0,,,,,,2,Magic.wil#800#10#60#0#0#8#10,M7-1.ogg#M7-2.ogg,,,,,,,0,0,50#600,30,10000,0,0,1,newskii/7.png,,单体攻击技能
14002,140,攻杀剑术,1,81,3,3,1,0,1,0,0,1,,1,1,1#0,106,0#0,0#0,0#0#0,,,,,,2,Magic.wil#800#10#60#0#0#8#10,M7-1.ogg#M7-2.ogg,,,,,,,0,0,80#1200,30,10000,0,0,1,newskii/7.png,,单体攻击技能
14003,140,攻杀剑术,1,81,3,3,1,0,1,0,0,1,,1,1,1#0,108,0#0,0#0,0#0#0,,,,,,2,Magic.wil#800#10#60#0#0#8#10,M7-1.ogg#M7-2.ogg,,,,,,,0,0,100#0,30,10000,0,0,1,newskii/7.png,,单体攻击技能
14100,141,瞬息移动,14,77,0,0,0,0,8,0,1,0,,1,1,1#0,0,0#0,0#0,0#0#0,,,100,,,1,Magic.wil#250#10#50#0#1,,,,Magic.wil#260#10#50#1#0,M2-3.ogg,,,10,2,10#10,30,1000,0,0,0,newskii/magic56.png,,单体回复技能
14101,141,瞬息移动,14,77,0,0,0,0,8,0,1,0,,1,1,1#0,0,0#0,0#0,0#0#0,,,100,,,1,Magic.wil#250#10#50#0#1,,,,Magic.wil#260#10#50#1#0,M2-3.ogg,,,15,2,20#20,30,1000,0,0,0,newskii/magic56.png,,单体回复技能
14102,141,瞬息移动,14,77,0,0,0,0,8,0,1,0,,1,1,1#0,0,0#0,0#0,0#0#0,,,100,,,1,Magic.wil#250#10#50#0#1,,,,Magic.wil#260#10#50#1#0,M2-3.ogg,,,20,2,30#30,30,1000,0,0,0,newskii/magic56.png,,单体回复技能
14103,141,瞬息移动,14,77,0,0,0,0,8,0,1,0,,1,1,1#0,0,0#0,0#0,0#0#0,,,100,,,1,Magic.wil#250#10#50#0#1,,,,Magic.wil#260#10#50#1#0,M2-3.ogg,,,25,2,40#0,30,1000,0,0,0,newskii/magic56.png,,单体回复技能
14200,142,分身术,13,77,0,0,0,0,8,0,1,0,,1,1,1#0,0,0#0,0#0,0#0#0,,,3#180#1,,,1,Magic.wil#1590#20#50#0#0,,,,,M2-3.ogg,,,10,2,10#10,30,1000,0,0,0,newskii/magic46.png,215#252#1#0,单体回复技能
14201,142,分身术,13,77,0,0,0,0,8,0,1,0,,1,1,1#0,0,0#0,0#0,0#0#0,,,3#180#1,,,1,Magic.wil#1590#20#50#0#0,,,,,M2-3.ogg,,,15,2,20#20,30,1000,0,0,0,newskii/magic46.png,215#252#1#0,单体回复技能
14202,142,分身术,13,77,0,0,0,0,8,0,1,0,,1,1,1#0,0,0#0,0#0,0#0#0,,,3#180#1,,,1,Magic.wil#1590#20#50#0#0,,,,,M2-3.ogg,,,20,2,30#30,30,1000,0,0,0,newskii/magic46.png,215#252#1#0,单体回复技能
14203,142,分身术,13,77,0,0,0,0,8,0,1,0,,1,1,1#0,0,0#0,0#0,0#0#0,,,3#180#1,,,1,Magic.wil#1590#20#50#0#0,,,,,M2-3.ogg,,,25,2,40#0,30,1000,0,0,0,newskii/magic46.png,215#252#1#0,单体回复技能
14300,143,诱惑之光,10,59,1,3,0,0,8,8,1,0,,1,1,1#0,0,0#0,0#0,0#0#0,,,3#360#0#1#0#0,,,1,Magic.wil#1560#10#50#0#0,M29-1.ogg,,,Magic.wil#1570#16#50#0#0,M29-3.ogg,,,10,1,10#10,30,1000,0,0,0,newskii/magic20.png,,单体攻击技能
14301,143,诱惑之光,10,59,1,3,0,0,8,8,1,0,,1,1,1#0,0,0#0,0#0,0#0#0,,,3#360#0#1#0#0,,,1,Magic.wil#1560#10#50#0#0,M29-1.ogg,,,Magic.wil#1570#16#50#0#0,M29-3.ogg,,,15,1,20#20,30,1000,0,0,0,newskii/magic20.png,,单体攻击技能
14302,143,诱惑之光,10,59,1,3,0,0,8,8,1,0,,1,1,1#0,0,0#0,0#0,0#0#0,,,3#360#0#1#0#0,,,1,Magic.wil#1560#10#50#0#0,M29-1.ogg,,,Magic.wil#1570#16#50#0#0,M29-3.ogg,,,20,1,30#30,30,1000,0,0,0,newskii/magic20.png,,单体攻击技能
14303,143,诱惑之光,10,59,1,3,0,0,8,8,1,0,,1,1,1#0,0,0#0,0#0,0#0#0,,,3#360#0#1#0#0,,,1,Magic.wil#1560#10#50#0#0,M29-1.ogg,,,Magic.wil#1570#16#50#0#0,M29-3.ogg,,,25,1,40#0,30,1000,0,0,0,newskii/magic20.png,,单体攻击技能
14400,144,困魔咒,11,59,1,3,0,0,8,8,1,0,,1,1,1#0,30,0#0,0#0,6#1000#0,,,0#111#1#10#5,,,1,Magic.wil#1380#10#50#0#0,M28-1.ogg,,,Magic.wil#1390#20#50#0#0,M28-3.ogg,,,10,1,10#10,30,1000,0,0,0,newskii/magic16.png,,单体攻击技能
14401,144,困魔咒,11,59,1,3,0,0,8,8,1,0,,1,1,1#0,40,0#0,0#0,6#1000#0,,,0#111#1#10#5,,,1,Magic.wil#1380#10#50#0#0,M28-1.ogg,,,Magic.wil#1390#20#50#0#0,M28-3.ogg,,,15,1,20#20,30,1000,0,0,0,newskii/magic16.png,,单体攻击技能
14402,144,困魔咒,11,59,1,3,0,0,8,8,1,0,,1,1,1#0,50,0#0,0#0,6#1000#0,,,0#111#1#10#5,,,1,Magic.wil#1380#10#50#0#0,M28-1.ogg,,,Magic.wil#1390#20#50#0#0,M28-3.ogg,,,20,1,30#30,30,1000,0,0,0,newskii/magic16.png,,单体攻击技能
14403,144,困魔咒,11,59,1,3,0,0,8,8,1,0,,1,1,1#0,60,0#0,0#0,6#1000#0,,,0#111#1#10#5,,,1,Magic.wil#1380#10#50#0#0,M28-1.ogg,,,Magic.wil#1390#20#50#0#0,M28-3.ogg,,,25,1,40#0,30,1000,0,0,0,newskii/magic16.png,,单体攻击技能
14500,145,圣言术,9,59,1,3,0,0,8,8,1,0,,1,1,1#0,0,0#0,0#0,0#0#0,,,1#0#10#30,,,1,Magic.wil#3920#10#50#0#0,,,,Magic.wil#3930#16#50#0#0,,,,10,1,10#10,30,1000,0,0,0,newskii/magic32.png,,单体攻击技能
14501,145,圣言术,9,59,1,3,0,0,8,8,1,0,,1,1,1#0,0,0#0,0#0,0#0#0,,,1#0#10#50,,,1,Magic.wil#3920#10#50#0#0,,,,Magic.wil#3930#16#50#0#0,,,,15,1,20#20,30,1000,0,0,0,newskii/magic32.png,,单体攻击技能
14502,145,圣言术,9,59,1,3,0,0,8,8,1,0,,1,1,1#0,0,0#0,0#0,0#0#0,,,1#0#10#70,,,1,Magic.wil#3920#10#50#0#0,,,,Magic.wil#3930#16#50#0#0,,,,20,1,30#30,30,1000,0,0,0,newskii/magic32.png,,单体攻击技能
14503,145,圣言术,9,59,1,3,0,0,8,8,1,0,,1,1,1#0,0,0#0,0#0,0#0#0,,,1#0#10#100,,,1,Magic.wil#3920#10#50#0#0,,,,Magic.wil#3930#16#50#0#0,,,,25,1,40#0,30,1000,0,0,0,newskii/magic32.png,,单体攻击技能
14600,146,神兽攻击,0,59,2,3,0,0,2,2,2,0,,2,1,1#0,110,0#0,0#0,0#0#0,,,,,,1,Magic2.wil#1580#10#80#0#0#8#10,,,,,,,,10,0,10#0,30,1000,0,0,0,newskii/magic130.png,,单体攻击技能
14700,147,弓箭攻击,0,80,3,3,0,0,8,8,4,1,,2,1,1#0,60,0#0,0#0,0#0#0,,,,,,1,,,Magic2.wil#1410#3#100#0#0#16#10,670-2.ogg,,,,,10,0,10#0,500,1000,0,0,0,newskii/magic130.png,,单体攻击技能
14800,148,狂龙紫电,0,80,2,3,0,0,8,8,2,0,,4,4,1#0,110,0#0,0#0,0#0#0,,,,,,1,Magic2.wil#1684#10#80#0#0,M20-1.ogg,,,Magic2.wil#1964#12#100#0#0,M20-3.ogg,,,10,1,10#10,30,1000,0,0,0,newskii/magic11.png,,单体攻击技能
14801,148,狂龙紫电,0,80,2,3,0,0,8,8,2,0,,4,4,1#0,110,0#0,0#0,0#0#0,,,,,,1,Magic2.wil#1684#10#80#0#0,M20-1.ogg,,,Magic2.wil#1964#12#100#0#0,M20-3.ogg,,,15,1,20#20,30,1000,0,0,0,newskii/magic11.png,,单体攻击技能
14802,148,狂龙紫电,0,80,2,3,0,0,8,8,2,0,,4,4,1#0,110,0#0,0#0,0#0#0,,,,,,1,Magic2.wil#1684#10#80#0#0,M20-1.ogg,,,Magic2.wil#1964#12#100#0#0,M20-3.ogg,,,20,1,30#30,30,1000,0,0,0,newskii/magic11.png,,单体攻击技能
14803,148,狂龙紫电,0,80,2,3,0,0,8,8,2,0,,4,4,1#0,110,0#0,0#0,0#0#0,,,,,,1,Magic2.wil#1684#10#80#0#0,M20-1.ogg,,,Magic2.wil#1964#12#100#0#0,M20-3.ogg,,,25,1,40#0,30,1000,0,0,0,newskii/magic11.png,,单体攻击技能
14900,149,圣光激射,0,56,3,3,0,0,2,2,3,1#2#3#4#5#6#7#8,,8,20,1#0,110,0#0,0#0,0#0#0,,,,,,1,Magic2.wil#1706#14#80#0#0,M52-2.ogg,,,,,,,10,2,10#10,30,1000,0,0,0,newskii/magic11.png,,群体攻击技能
14901,149,圣光激射,0,56,3,3,0,0,2,2,3,1#2#3#4#5#6#7#8,,8,20,1#0,115,0#0,0#0,0#0#0,,,,,,1,Magic2.wil#1706#14#80#0#0,M52-2.ogg,,,,,,,15,2,20#20,30,1000,0,0,0,newskii/magic11.png,,群体攻击技能
14902,149,圣光激射,0,56,3,3,0,0,2,2,3,1#2#3#4#5#6#7#8,,8,20,1#0,120,0#0,0#0,0#0#0,,,,,,1,Magic2.wil#1706#14#80#0#0,M52-2.ogg,,,,,,,20,2,30#30,30,1000,0,0,0,newskii/magic11.png,,群体攻击技能
14903,149,圣光激射,0,56,3,3,0,0,2,2,3,1#2#3#4#5#6#7#8,,8,20,1#0,125,0#0,0#0,0#0#0,,,,,,1,Magic2.wil#1706#14#80#0#0,M52-2.ogg,,,,,,,25,2,40#0,30,1000,0,0,0,newskii/magic11.png,,群体攻击技能
15000,150,冰雹雨,0,54,2,3,0,0,8,8,2,0,,4,4,1#0,110,0#0,0#0,0#0#0,,,,,,1,Magic2.wil#1920#10#50#0#0,M33-1.ogg,,,Magic2.wil#1730#29#80#0#0,M33-3.ogg,,,10,1,10#10,30,1000,0,1,0,newskii/88.png,,群体攻击技能
15001,150,冰雹雨,0,54,2,3,0,0,8,8,2,0,,4,4,1#0,110,0#0,0#0,0#0#0,,,,,,1,Magic2.wil#1920#10#50#0#0,M33-1.ogg,,,Magic2.wil#1730#29#80#0#0,M33-3.ogg,,,10,1,10#10,30,1000,0,1,0,newskii/88.png,,群体攻击技能
15002,150,冰雹雨,0,54,2,3,0,0,8,8,2,0,,4,4,1#0,110,0#0,0#0,0#0#0,,,,,,1,Magic2.wil#1920#10#50#0#0,M33-1.ogg,,,Magic2.wil#1730#29#80#0#0,M33-3.ogg,,,10,1,10#10,30,1000,0,1,0,newskii/88.png,,群体攻击技能
15003,150,冰雹雨,0,54,2,3,0,0,8,8,2,0,,4,4,1#0,110,0#0,0#0,0#0#0,,,,,,1,Magic2.wil#1920#10#50#0#0,M33-1.ogg,,,Magic2.wil#1730#29#80#0#0,M33-3.ogg,,,10,1,10#10,30,1000,0,1,0,newskii/88.png,,群体攻击技能
15100,151,心灵启示,12,59,1,3,0,0,8,8,2,0,,2,1,1#0,110,0#0,0#0,0#0#0,,,0#500#200,,,1,Magic.wil#3990#10#80#0#0,M29-1.ogg,,,Magic.wil#3960#20#80#0#0,,,,10,2,10#0,30,1000,0,0,0,newskii/magic28.png,,单体攻击技能
15200,152,疾光电影,0,99,1,3,0,0,12,12,5,0,,12,12,1#10,110,0#0,0#0,0#0#0,,,,,,1,Magic.wil#970#10#80#0#0#16#10,M10-1.ogg,,,,,,,0,1,5#300,30,1000,0,0,1,newskii/magic10.png,,单体攻击技能
15201,152,疾光电影,0,99,1,3,0,0,12,12,5,0,,12,12,1#20,115,0#0,0#0,0#0#0,,,,,,1,Magic.wil#970#10#80#0#0#16#10,M10-1.ogg,,,,,,,0,1,50#600,30,1000,0,0,1,newskii/magic10.png,,单体攻击技能
15202,152,疾光电影,0,99,1,3,0,0,12,12,5,0,,12,12,1#30,120,0#0,0#0,0#0#0,,,,,,1,Magic.wil#970#10#80#0#0#16#10,M10-1.ogg,,,,,,,0,1,80#1200,30,1000,0,0,1,newskii/magic10.png,,单体攻击技能
15203,152,疾光电影,0,99,1,3,0,0,12,12,5,0,,12,12,1#40,125,0#0,0#0,0#0#0,,,,,,1,Magic.wil#970#10#80#0#0#16#10,M10-1.ogg,,,,,,,0,1,100#0,30,1000,0,0,1,newskii/magic10.png,,单体攻击技能
15300,153,小火球术,0,60,3,3,0,0,8,0,4,0,,2,1,1#0,110,0#0,0#0,0#0#0,,,,,,1,Magic.wil#0#10#70#0#0,M5-1.ogg,Magic.wil#10#10#70#0#0#16#10,M5-2.ogg,Magic.wil#170#10#70#0#0,M5-3.ogg,,,10,1,10#10,500,1000,0,0,0,newskii/magic1.png,132#252#1#0,单体攻击技能
15301,153,小火球术,0,60,3,3,0,0,8,0,4,0,,2,1,1#0,115,0#0,0#0,0#0#0,,,,,,1,Magic.wil#0#10#70#0#0,M5-1.ogg,Magic.wil#10#10#70#0#0#16#10,M5-2.ogg,Magic.wil#170#10#70#0#0,M5-3.ogg,,,15,1,20#20,500,1000,0,0,0,newskii/magic1.png,132#252#1#0,单体攻击技能
15302,153,小火球术,0,60,3,3,0,0,8,0,4,0,,2,1,1#0,120,0#0,0#0,0#0#0,,,,,,1,Magic.wil#0#10#70#0#0,M5-1.ogg,Magic.wil#10#10#70#0#0#16#10,M5-2.ogg,Magic.wil#170#10#70#0#0,M5-3.ogg,,,20,1,30#30,500,1000,0,0,0,newskii/magic1.png,132#252#1#0,单体攻击技能
15303,153,小火球术,0,60,3,3,0,0,8,0,4,0,,2,1,1#0,125,0#0,0#0,0#0#0,,,,,,1,Magic.wil#0#10#70#0#0,M5-1.ogg,Magic.wil#10#10#70#0#0#16#10,M5-2.ogg,Magic.wil#170#10#70#0#0,M5-3.ogg,,,25,1,40#0,500,1000,0,0,0,newskii/magic1.png,132#252#1#0,单体攻击技能
15400,154,狮子吼,0,81,3,3,0,0,2,2,3,1#2#3#4#5#6#7#8,,8,10,1#0,0,0#0,0#0,0#0#0,601#100#3,,,,,1,Magic2.wil#710#14#20#0#0,M52-2.ogg,,,,,,,10,0,10#10,30,1000,0,0,0,newskii/55.png,325#174#1#0,群体攻击技能
15401,154,狮子吼,0,81,3,3,0,0,2,2,3,1#2#3#4#5#6#7#8,,8,10,1#0,0,0#0,0#0,0#0#0,601#100#3,,,,,1,Magic2.wil#710#14#20#0#0,M52-2.ogg,,,,,,,15,0,20#20,30,1000,0,0,0,newskii/55.png,325#174#1#0,群体攻击技能
15402,154,狮子吼,0,81,3,3,0,0,2,2,3,1#2#3#4#5#6#7#8,,8,10,1#0,0,0#0,0#0,0#0#0,601#100#3,,,,,1,Magic2.wil#710#14#20#0#0,M52-2.ogg,,,,,,,20,0,30#30,30,1000,0,0,0,newskii/55.png,325#174#1#0,群体攻击技能
15403,154,狮子吼,0,81,3,3,0,0,2,2,3,1#2#3#4#5#6#7#8,,8,10,1#0,0,0#0,0#0,0#0#0,601#100#3,,,,,1,Magic2.wil#710#14#20#0#0,M52-2.ogg,,,,,,,25,0,40#0,30,1000,0,0,0,newskii/55.png,325#174#1#0,群体攻击技能
15500,155,飓风破,0,58,2,3,0,0,8,8,2,0,,8,8,1#0,110,0#0,0#0,0#0#0,,,,,,1,,,,,,,Magic.wil#600#10#70#0#0,M39-3.ogg,10,2,10#10,30,1000,0,0,0,newskii/magic51.png,375#221#1#0,群体攻击技能
15501,155,飓风破,0,58,2,3,0,0,8,8,2,0,,8,8,1#0,115,0#0,0#0,0#0#0,,,,,,1,,,,,,,Magic.wil#600#10#70#0#0,M39-3.ogg,15,2,20#20,30,1000,0,0,0,newskii/magic51.png,375#221#1#0,群体攻击技能
15502,155,飓风破,0,58,2,3,0,0,8,8,2,0,,8,8,1#0,120,0#0,0#0,0#0#0,,,,,,1,,,,,,,Magic.wil#600#10#70#0#0,M39-3.ogg,20,2,30#30,30,1000,0,0,0,newskii/magic51.png,375#221#1#0,群体攻击技能
15503,155,飓风破,0,58,2,3,0,0,8,8,2,0,,8,8,1#0,125,0#0,0#0,0#0#0,,,,,,1,,,,,,,Magic.wil#600#10#70#0#0,M39-3.ogg,25,2,40#0,30,1000,0,0,0,newskii/magic51.png,375#221#1#0,群体攻击技能
15600,156,心灵召唤,15,94,0,0,0,0,8,0,0,0,,1,1,1#0,0,0#0,0#0,0#0#0,,,,,,1,Magic3.wil#0#14#70#0#0,M29-1.ogg,,,,,,,10,1,10#10,30,1000,0,0,0,newskii/70.png,,单体防御技能
15601,156,心灵召唤,15,94,0,0,0,0,8,0,0,0,,1,1,1#0,0,0#0,0#0,0#0#0,,,,,,1,Magic3.wil#0#14#70#0#0,M29-1.ogg,,,,,,,15,1,20#20,30,1000,0,0,0,newskii/70.png,,单体防御技能
15602,156,心灵召唤,15,94,0,0,0,0,8,0,0,0,,1,1,1#0,0,0#0,0#0,0#0#0,,,,,,1,Magic3.wil#0#14#70#0#0,M29-1.ogg,,,,,,,20,1,30#30,30,1000,0,0,0,newskii/70.png,,单体防御技能
15603,156,心灵召唤,15,94,0,0,0,0,8,0,0,0,,1,1,1#0,0,0#0,0#0,0#0#0,,,,,,1,Magic3.wil#0#14#70#0#0,M29-1.ogg,,,,,,,25,1,40#0,30,1000,0,0,0,newskii/70.png,,单体防御技能
15700,157,地狱火,0,99,1,3,0,0,12,12,5,0,,12,12,1#10,110,0#0,0#0,0#0#0,,,,,,1,Magic.wil#0#10#80#0#0,M10-1.ogg,Magic.wil#10#10#80#0#0#16#10,M22-1.ogg,,,,,0,1,5#300,30,1000,0,0,1,newskii/magic9.png,,单体攻击技能
15701,157,地狱火,0,99,1,3,0,0,12,12,5,0,,12,12,1#20,115,0#0,0#0,0#0#0,,,,,,1,Magic.wil#0#10#80#0#0,M10-1.ogg,Magic.wil#10#10#80#0#0#16#10,M22-1.ogg,,,,,0,1,50#600,30,1000,0,0,1,newskii/magic9.png,,单体攻击技能
15702,157,地狱火,0,99,1,3,0,0,12,12,5,0,,12,12,1#30,120,0#0,0#0,0#0#0,,,,,,1,Magic.wil#0#10#80#0#0,M10-1.ogg,Magic.wil#10#10#80#0#0#16#10,M22-1.ogg,,,,,0,1,80#1200,30,1000,0,0,1,newskii/magic9.png,,单体攻击技能
15703,157,地狱火,0,99,1,3,0,0,12,12,5,0,,12,12,1#40,125,0#0,0#0,0#0#0,,,,,,1,Magic.wil#0#10#80#0#0,M10-1.ogg,Magic.wil#10#10#80#0#0#16#10,M22-1.ogg,,,,,0,1,100#0,30,1000,0,0,1,newskii/magic9.png,,单体攻击技能
15800,158,爆裂火焰,6,55,2,3,0,0,8,0,2,0,,1,5,1#0,110,0#0,0#0,0#0#0,,,2,,,1,Magic.wil#1650#10#80#0#0,M22-1.ogg,,,Magic.wil#1660#20#180#0#0,M22-3.ogg,,,10,1,10#10,30,1000,0,1,0,newskii/magic23.png,,群体攻击技能
15801,158,爆裂火焰,6,55,2,3,0,0,8,0,2,0,,1,5,1#0,115,0#0,0#0,0#0#0,,,2,,,1,Magic.wil#1650#10#80#0#0,M22-1.ogg,,,Magic.wil#1660#20#180#0#0,M22-3.ogg,,,15,1,20#20,30,1000,0,1,0,newskii/magic23.png,,群体攻击技能
15802,158,爆裂火焰,6,55,2,3,0,0,8,0,2,0,,1,5,1#0,120,0#0,0#0,0#0#0,,,2,,,1,Magic.wil#1650#10#80#0#0,M22-1.ogg,,,Magic.wil#1660#20#180#0#0,M22-3.ogg,,,20,1,30#30,30,1000,0,1,0,newskii/magic23.png,,群体攻击技能
15803,158,爆裂火焰,6,55,2,3,0,0,8,0,2,0,,1,5,1#0,125,0#0,0#0,0#0#0,,,2,,,1,Magic.wil#1650#10#80#0#0,M22-1.ogg,,,Magic.wil#1660#20#180#0#0,M22-3.ogg,,,25,1,40#0,30,1000,0,1,0,newskii/magic23.png,,群体攻击技能
15900,159,精神力战法,1,99,3,3,1,0,2,0,0,1,,2,2,1#10,110,0#0,0#0,0#0#0,,,,,29#5,2,,,,,,,,,0,0,5#300,30,100000,0,0,0,newskii/magic4.png,,道士被动增益技能
15901,159,精神力战法,1,99,3,3,1,0,2,0,0,1,,2,2,1#20,115,0#0,0#0,0#0#0,,,,,29#10,2,,,,,,,,,0,0,50#600,30,100000,0,0,0,newskii/magic4.png,,道士被动增益技能
15902,159,精神力战法,1,99,3,3,1,0,2,0,0,1,,2,2,1#30,120,0#0,0#0,0#0#0,,,,,29#15,2,,,,,,,,,0,0,80#1200,30,100000,0,0,0,newskii/magic4.png,,道士被动增益技能
15903,159,精神力战法,1,99,3,3,1,0,2,0,0,1,,2,2,1#40,125,0#0,0#0,0#0#0,,,,,29#20,2,,,,,,,,,0,0,100#0,30,100000,0,0,0,newskii/magic4.png,,道士被动增益技能
16000,160,火龙神普攻,0,54,2,3,0,0,12,12,2,0,,8,8,1#0,100,0#0,10#0,3#100#30,,,,,,1,Magic7.wil#240#10#50#0#0,M33-1.ogg,,,Magic7.wil#260#28#50#0#0,M33-3.ogg,,,0,0,1#0,30,1000,0,0,0,newskii/magic11.png,,群体攻击技能
